listing_id,name,title,district,address,price,area,age,rooms,parking,floor,source,url,lat,lon,work1_distance,work2_distance,collected_at,layout_status,source_page,geocode_status,route_status,geocode_provider,route_provider
4308114,貴族豪門(經國路一段),近巨城｜貴族豪門｜面綠帶景觀2房有車位,新竹市,新竹市東區經國路一段,1198.0,28.4,30.3,2.0,昇降機械,7/7樓,永慶公開HTML,https://buy.yungching.com.tw/house/4308114,,,,,2026-10-06T17:18:55.081655+00:00,advertised_2_rooms,https://buy.yungching.com.tw/list/%E6%96%B0%E7%AB%B9%E5%B8%82-_c/1000-2000_price/2-2_rmp,unverified,unverified,,
7056518,貴族豪門(經國路一段),近巨城｜貴族豪門｜面綠帶景觀2房有車位,新竹市,新竹市東區經國路一段,1198.0,28.4,30.3,2.0,昇降機械,7/7樓,永慶公開HTML,https://buy.yungching.com.tw/house/7056518,,,,,2026-10-06T17:18:55.081655+00:00,advertised_2_rooms,https://buy.yungching.com.tw/list/%E6%96%B0%E7%AB%B9%E5%B8%82-_c/1000-2000_price/2-2_rmp,unverified,unverified,,
7438331,【禾園運動家】載熙國小 全新2房+機械平移車位,【禾園運動家】載熙國小 全新2房+機械平移車位,新竹市,新竹市北區東大路三段,1138.0,21.19,1.3,2.0,平移/機械,3/5樓,永慶公開HTML,https://buy.yungching.com.tw/house/7438331,,,,,2026-10-06T17:18:55.081655+00:00,advertised_2_rooms,https://buy.yungching.com.tw/list/%E6%96%B0%E7%AB%B9%E5%B8%82-_c/1000-2000_price/2-2_rmp,unverified,unverified,,
7507942,近西門國小全新2房3樓,近西門國小全新2房3樓,新竹市,新竹市北區延平路一段,1088.0,20.65,0.8,2.0,,3/5樓,永慶公開HTML,https://buy.yungching.com.tw/house/7507942,,,,,2026-10-06T17:18:55.081655+00:00,advertised_2_rooms,https://buy.yungching.com.tw/list/%E6%96%B0%E7%AB%B9%E5%B8%82-_c/1000-2000_price/2-2_rmp,unverified,unverified,,
7259387,不是東區買不起＿是金雅更有性價比＿金雅成真,不是東區買不起＿是金雅更有性價比＿金雅成真,新竹市,新竹市北區金雅七街,1680.0,29.83,6.4,2.0,坡道機械,8/12樓,永慶公開HTML,https://buy.yungching.com.tw/house/7259387,,,,,2026-10-06T17:18:55.081655+00:00,advertised_2_rooms,https://buy.yungching.com.tw/list/%E6%96%B0%E7%AB%B9%E5%B8%82-_c/1000-2000_price/2-2_rmp,unverified,unverified,,
7517313,竹科潤隆,近竹科！好市多商圈！2房平車！一卡皮箱直接入住,新竹市,新竹市東區埔頂三路,1986.0,31.25,3.4,2.0,坡道平面,5/29樓,永慶公開HTML,https://buy.yungching.com.tw/house/7517313,,,,,2026-10-06T17:18:55.081655+00:00,advertised_2_rooms,https://buy.yungching.com.tw/list/%E6%96%B0%E7%AB%B9%E5%B8%82-_c/1000-2000_price/2-2_rmp,unverified,unverified,,
7506282,新竹市中心延平路優質三改二房平車美廈,新竹市中心延平路優質三改二房平車美廈,新竹市,新竹市北區延平路一段,1988.0,45.38,11.3,2.0,坡道平面,3/10樓,永慶公開HTML,https://buy.yungching.com.tw/house/7506282,,,,,2026-10-06T17:18:55.081655+00:00,excluded_conversion,https://buy.yungching.com.tw/list/%E6%96%B0%E7%AB%B9%E5%B8%82-_c/1000-2000_price/2-2_rmp,unverified,unverified,,
6712032,富宇仰睦,預售屋 富宇仰睦B1棟二房+平車 即將交屋預約搶,新竹市,新竹市北區興濱路,1450.0,33.92,,2.0,坡道平面,8/15樓,永慶公開HTML,https://buy.yungching.com.tw/house/6712032,,,,,2026-10-06T17:18:55.081655+00:00,excluded_conversion,https://buy.yungching.com.tw/list/%E6%96%B0%E7%AB%B9%E5%B8%82-_c/1000-2000_price/2-2_rmp,unverified,unverified,,
7405608,香山大庄｜寓見真鑀｜竹科通勤宅｜樓中樓雙室＋車位,香山大庄｜寓見真鑀｜竹科通勤宅｜樓中樓雙室＋車位,新竹市,新竹市香山區香北一路,1188.0,27.91,5.0,2.0,坡道機械,4/8樓,永慶公開HTML,https://buy.yungching.com.tw/house/7405608,,,,,2026-10-06T17:18:55.081655+00:00,excluded_conversion,https://buy.yungching.com.tw/list/%E6%96%B0%E7%AB%B9%E5%B8%82-_c/1000-2000_price/2-2_rmp,unverified,unverified,,
7312420,荷蘭村A區3改2精緻裝潢屋,荷蘭村A區3改2精緻裝潢屋,新竹市,新竹市北區武陵路,1356.0,34.76,26.4,2.0,,11/21樓,永慶公開HTML,https://buy.yungching.com.tw/house/7312420,,,,,2026-10-06T17:18:55.081655+00:00,excluded_conversion,https://buy.yungching.com.tw/list/%E6%96%B0%E7%AB%B9%E5%B8%82-_c/1000-2000_price/2-2_rmp,unverified,unverified,,
7504997,閎基建築-Le Coin,專任【好聚勻勻Le Coin】大遠百正市區2房,新竹市,新竹市東區文昌街,1898.0,27.72,0.8,2.0,,2/15樓,永慶公開HTML,https://buy.yungching.com.tw/house/7504997,,,,,2026-10-06T17:18:55.081655+00:00,advertised_2_rooms,https://buy.yungching.com.tw/list/%E6%96%B0%E7%AB%B9%E5%B8%82-_c/1000-2000_price/2-2_rmp,unverified,unverified,,
7430215,專任 全新2房2衛+車位 電梯華廈NO.4,專任 全新2房2衛+車位 電梯華廈NO.4,新竹市,新竹市香山區中華路四段,1038.0,28.32,0.7,2.0,,2/4樓,永慶公開HTML,https://buy.yungching.com.tw/house/7430215,,,,,2026-10-06T17:18:55.081655+00:00,advertised_2_rooms,https://buy.yungching.com.tw/list/%E6%96%B0%E7%AB%B9%E5%B8%82-_c/1000-2000_price/2-2_rmp,unverified,unverified,,
7242809,新祐景然,專任-新祐景然｜無敵海景戶  超大2房+平車,新竹市,新竹市香山區延平路二段,1398.0,39.71,2.2,2.0,坡道平面,13/14樓,永慶公開HTML,https://buy.yungching.com.tw/house/7242809,,,,,2026-10-06T17:18:55.081655+00:00,advertised_2_rooms,https://buy.yungching.com.tw/list/%E6%96%B0%E7%AB%B9%E5%B8%82-_c/1000-2000_price/2-2_rmp,unverified,unverified,,
7392089,悅森朵夫,悅森朵夫近竹科大門邊間大2房2衛附車位,新竹市,新竹市東區光復路一段,1850.0,28.3,11.3,2.0,坡道機械,4/5樓,永慶公開HTML,https://buy.yungching.com.tw/house/7392089,,,,,2026-10-06T17:18:55.081655+00:00,advertised_2_rooms,https://buy.yungching.com.tw/list/%E6%96%B0%E7%AB%B9%E5%B8%82-_c/1000-2000_price/2-2_rmp,unverified,unverified,,
7395575,竹科悅揚,[專任]竹科悅揚百米棟距景觀2房+平車,新竹市,新竹市東區慈濟路,1976.0,32.37,5.8,2.0,,6/24樓,永慶公開HTML,https://buy.yungching.com.tw/house/7395575,,,,,2026-10-06T17:18:55.081655+00:00,advertised_2_rooms,https://buy.yungching.com.tw/list/%E6%96%B0%E7%AB%B9%E5%B8%82-_c/1000-2000_price/2-2_rmp,unverified,unverified,,
7513132,探索21,探索21｜高樓層大兩房附車位《邊間戶溫馨好屋況》,新竹市,新竹市香山區經國路三段,1388.0,35.21,16.2,2.0,坡道機械,15/15樓,永慶公開HTML,https://buy.yungching.com.tw/house/7513132,,,,,2026-10-06T17:18:55.081655+00:00,advertised_2_rooms,https://buy.yungching.com.tw/list/%E6%96%B0%E7%AB%B9%E5%B8%82-_c/1000-2000_price/2-2_rmp,unverified,unverified,,
7384032,觀璞,觀璞 絕美採光視野珍稀2+1房加車位,新竹市,新竹市東區長春街,1736.0,35.29,20.0,2.0,坡道機械,7/13樓,永慶公開HTML,https://buy.yungching.com.tw/house/7384032,,,,,2026-10-06T17:18:55.081655+00:00,excluded_conversion,https://buy.yungching.com.tw/list/%E6%96%B0%E7%AB%B9%E5%B8%82-_c/1000-2000_price/2-2_rmp,unverified,unverified,,
7489250,竹科潤隆,關埔特區竹科潤隆兩房平車｜好市多旁,新竹市,新竹市東區埔頂三路,1986.0,31.25,3.4,2.0,坡道平面,5/29樓,永慶公開HTML,https://buy.yungching.com.tw/house/7489250,,,,,2026-10-06T17:18:55.081655+00:00,advertised_2_rooms,https://buy.yungching.com.tw/list/%E6%96%B0%E7%AB%B9%E5%B8%82-_c/1000-2000_price/2-2_rmp,unverified,unverified,,
7503500,寓見愛,經國商圈寓見愛投資收租雙套房,新竹市,新竹市北區經國路二段,1098.0,24.18,11.3,2.0,,3/11樓,永慶公開HTML,https://buy.yungching.com.tw/house/7503500,,,,,2026-10-06T17:18:55.081655+00:00,excluded_conversion,https://buy.yungching.com.tw/list/%E6%96%B0%E7%AB%B9%E5%B8%82-_c/1000-2000_price/2-2_rmp,unverified,unverified,,
7516252,花漾城｜視野邊間採光2+1房+平面車位,花漾城｜視野邊間採光2+1房+平面車位,新竹市,新竹市北區西濱路一段,1458.0,50.1,4.0,2.0,坡道平面,9/15樓,永慶公開HTML,https://buy.yungching.com.tw/house/7516252,,,,,2026-10-06T17:18:55.081655+00:00,excluded_conversion,https://buy.yungching.com.tw/list/%E6%96%B0%E7%AB%B9%E5%B8%82-_c/1000-2000_price/2-2_rmp,unverified,unverified,,
7444682,禾園運動家2｜全新景觀兩房附車位《近金雅重劃區》,禾園運動家2｜全新景觀兩房附車位《近金雅重劃區》,新竹市,新竹市北區東大路三段,1098.0,19.9,1.3,2.0,坡道機械,2/5樓,永慶公開HTML,https://buy.yungching.com.tw/house/7444682,,,,,2026-10-06T17:18:55.081655+00:00,advertised_2_rooms,https://buy.yungching.com.tw/list/%E6%96%B0%E7%AB%B9%E5%B8%82-_c/1000-2000_price/2-2_rmp,unverified,unverified,,
7507692,近西門國小全新2房,近西門國小全新2房,新竹市,新竹市北區延平路一段,1088.0,20.65,0.8,2.0,,4/5樓,永慶公開HTML,https://buy.yungching.com.tw/house/7507692,,,,,2026-10-06T17:18:55.081655+00:00,advertised_2_rooms,https://buy.yungching.com.tw/list/%E6%96%B0%E7%AB%B9%E5%B8%82-_c/1000-2000_price/2-2_rmp,unverified,unverified,,
7429273,竹科悅揚,專任竹科悅揚｜關埔學區2房+平車｜首購首選,新竹市,新竹市東區慈濟路,1999.0,33.05,5.8,2.0,坡道平面,6/24樓,永慶公開HTML,https://buy.yungching.com.tw/house/7429273,,,,,2026-10-06T17:18:55.081655+00:00,advertised_2_rooms,https://buy.yungching.com.tw/list/%E6%96%B0%E7%AB%B9%E5%B8%82-_c/1000-2000_price/2-2_rmp,unverified,unverified,,
7334193,禾園運動家2｜近金雅全新兩房平車,禾園運動家2｜近金雅全新兩房平車,新竹市,新竹市北區東大路三段,1280.0,20.16,1.3,2.0,坡道平面,3/5樓,永慶公開HTML,https://buy.yungching.com.tw/house/7334193,,,,,2026-10-06T17:18:55.081655+00:00,advertised_2_rooms,https://buy.yungching.com.tw/list/%E6%96%B0%E7%AB%B9%E5%B8%82-_c/1000-2000_price/2-2_rmp,unverified,unverified,,
7462870,美學苑,美學苑｜首購精品兩房附平車《遠百商圈、竹光國中》,新竹市,新竹市北區經國路二段,1398.0,32.88,19.8,2.0,坡道平面,2/13樓,永慶公開HTML,https://buy.yungching.com.tw/house/7462870,,,,,2026-10-06T17:18:55.081655+00:00,advertised_2_rooms,https://buy.yungching.com.tw/list/%E6%96%B0%E7%AB%B9%E5%B8%82-_c/1000-2000_price/2-2_rmp,unverified,unverified,,
7460725,煙波A1,煙波Ａ1兩房|無敵海景|學區|公園|全聯|公道三,新竹市,新竹市香山區華北路,1098.0,24.67,13.0,2.0,,9/12樓,永慶公開HTML,https://buy.yungching.com.tw/house/7460725,,,,,2026-10-06T17:18:55.081655+00:00,advertised_2_rooms,https://buy.yungching.com.tw/list/%E6%96%B0%E7%AB%B9%E5%B8%82-_c/1000-2000_price/2-2_rmp,unverified,unverified,,
7502477,春福HI INN,春福HI INN兩房平車視野戶,新竹市,新竹市北區榮濱南路,1030.0,32.38,8.4,2.0,坡道平面,15/15樓,永慶公開HTML,https://buy.yungching.com.tw/house/7502477,,,,,2026-10-06T17:18:55.081655+00:00,advertised_2_rooms,https://buy.yungching.com.tw/list/%E6%96%B0%E7%AB%B9%E5%B8%82-_c/1000-2000_price/2-2_rmp,unverified,unverified,,
7486453,昌益文清,昌益文清寧靜採光好格局正二房平面車位,新竹市,新竹市東區水利路,1888.0,39.38,7.8,2.0,坡道平面,5/6樓,永慶公開HTML,https://buy.yungching.com.tw/house/7486453,,,,,2026-10-06T17:18:55.081655+00:00,advertised_2_rooms,https://buy.yungching.com.tw/list/%E6%96%B0%E7%AB%B9%E5%B8%82-_c/1000-2000_price/2-2_rmp,unverified,unverified,,
7408231,創遊美人,關新商圈兩房｜高樓層｜室內大空間｜鬧中取靜,新竹市,新竹市東區新莊街,1588.0,31.88,18.8,2.0,,11/11樓,永慶公開HTML,https://buy.yungching.com.tw/house/7408231,,,,,2026-10-06T17:18:55.081655+00:00,advertised_2_rooms,https://buy.yungching.com.tw/list/%E6%96%B0%E7%AB%B9%E5%B8%82-_c/1000-2000_price/2-2_rmp,unverified,unverified,,
7110122,安縵儷舍,新竹火車站｜大遠百無敵180度景觀2室+稀有車位,新竹市,新竹市東區南門街,1298.0,17.9,13.8,2.0,昇降機械,10/10樓,永慶公開HTML,https://buy.yungching.com.tw/house/7110122,,,,,2026-10-06T17:18:55.081655+00:00,advertised_2_rooms,https://buy.yungching.com.tw/list/%E6%96%B0%E7%AB%B9%E5%B8%82-_c/1000-2000_price/2-2_rmp,unverified,unverified,,
7428123,春福聯合國,稀有出售~光武國中旁春福聯合國首購2房+車位,新竹市,新竹市東區光復路一段,1288.0,27.46,31.1,2.0,坡道機械,11/13樓,永慶公開HTML,https://buy.yungching.com.tw/house/7428123,,,,,2026-10-06T17:18:55.081655+00:00,advertised_2_rooms,https://buy.yungching.com.tw/list/%E6%96%B0%E7%AB%B9%E5%B8%82-_c/1000-2000_price/2-2_rmp,unverified,unverified,,
7531684,高鐵區全新綠景大2房雙衛 | 新瓦屋旁陽光宅,高鐵區全新綠景大2房雙衛 | 新瓦屋旁陽光宅,竹北市,新竹縣竹北市復興三路一段,1998.0,26.65,1.8,2.0,坡道機械,4/5樓,永慶公開HTML,https://buy.yungching.com.tw/house/7531684,,,,,2026-10-06T17:18:55.081655+00:00,advertised_2_rooms,https://buy.yungching.com.tw/list/%E6%96%B0%E7%AB%B9%E7%B8%A3-%E7%AB%B9%E5%8C%97%E5%B8%82_c/1000-2000_price/2-2_rmp,unverified,unverified,,
7513317,德鑫御寶,竹北華興重劃區《德鑫御寶》高樓視野兩房平車,竹北市,新竹縣竹北市華興三街,1898.0,39.11,9.1,2.0,坡道平面,8/14樓,永慶公開HTML,https://buy.yungching.com.tw/house/7513317,,,,,2026-10-06T17:18:55.081655+00:00,advertised_2_rooms,https://buy.yungching.com.tw/list/%E6%96%B0%E7%AB%B9%E7%B8%A3-%E7%AB%B9%E5%8C%97%E5%B8%82_c/1000-2000_price/2-2_rmp,unverified,unverified,,
7489341,益欣森陽JOY-Q,JOY-Q 質感採光兩房｜次頂樓稀有釋出,竹北市,新竹縣竹北市新瀧三街,1968.0,33.25,4.0,2.0,坡道平面,12/13樓,永慶公開HTML,https://buy.yungching.com.tw/house/7489341,,,,,2026-10-06T17:18:55.081655+00:00,advertised_2_rooms,https://buy.yungching.com.tw/list/%E6%96%B0%E7%AB%B9%E7%B8%A3-%E7%AB%B9%E5%8C%97%E5%B8%82_c/1000-2000_price/2-2_rmp,unverified,unverified,,
6667621,佳陞禾樂,竹北台元｜禾樂A區｜首購兩房平車,竹北市,新竹縣竹北市光明十五街,1728.0,37.34,4.3,2.0,坡道平面,3/14樓,永慶公開HTML,https://buy.yungching.com.tw/house/6667621,,,,,2026-10-06T17:18:55.081655+00:00,advertised_2_rooms,https://buy.yungching.com.tw/list/%E6%96%B0%E7%AB%B9%E7%B8%A3-%E7%AB%B9%E5%8C%97%E5%B8%82_c/1000-2000_price/2-2_rmp,unverified,unverified,,
7448640,公園1號,公園1號｜高樓景觀面公園裝潢2房平車｜AI園區,竹北市,新竹縣竹北市十興路一段,1760.0,32.11,8.3,2.0,坡道平面,13/15樓,永慶公開HTML,https://buy.yungching.com.tw/house/7448640,,,,,2026-10-06T17:18:55.081655+00:00,advertised_2_rooms,https://buy.yungching.com.tw/list/%E6%96%B0%E7%AB%B9%E7%B8%A3-%E7%AB%B9%E5%8C%97%E5%B8%82_c/1000-2000_price/2-2_rmp,unverified,unverified,,
7509805,國賓大悅,國賓大悅｜外棟景觀2房平車｜十興國小・勝利國中｜,竹北市,新竹縣竹北市勝利八街一段,1958.0,37.74,10.3,2.0,坡道平面,12/27樓,永慶公開HTML,https://buy.yungching.com.tw/house/7509805,,,,,2026-10-06T17:18:55.081655+00:00,advertised_2_rooms,https://buy.yungching.com.tw/list/%E6%96%B0%E7%AB%B9%E7%B8%A3-%E7%AB%B9%E5%8C%97%E5%B8%82_c/1000-2000_price/2-2_rmp,unverified,unverified,,
7520983,原美館,【原美館】嘉豐東興雙學區｜近高鐵2房＋大平車,竹北市,新竹縣竹北市六家一路一段,1998.0,37.43,15.3,2.0,坡道平面,3/15樓,永慶公開HTML,https://buy.yungching.com.tw/house/7520983,,,,,2026-10-06T17:18:55.081655+00:00,advertised_2_rooms,https://buy.yungching.com.tw/list/%E6%96%B0%E7%AB%B9%E7%B8%A3-%E7%AB%B9%E5%8C%97%E5%B8%82_c/1000-2000_price/2-2_rmp,unverified,unverified,,
7508492,冠軍城峰,竹北華興重劃旁｜寬敞2房平車《陽明交大附中》台元,竹北市,新竹縣竹北市中央路,1698.0,44.52,11.8,2.0,坡道平面,4/15樓,永慶公開HTML,https://buy.yungching.com.tw/house/7508492,,,,,2026-10-06T17:18:55.081655+00:00,advertised_2_rooms,https://buy.yungching.com.tw/list/%E6%96%B0%E7%AB%B9%E7%B8%A3-%E7%AB%B9%E5%8C%97%E5%B8%82_c/1000-2000_price/2-2_rmp,unverified,unverified,,
7311411,靚公園/森CASA/中央公園,近AI《靚公園》1+1樓辦公室附平車(A),竹北市,新竹縣竹北市十興路,1828.0,43.66,7.6,2.0,坡道平面,1/14樓,永慶公開HTML,https://buy.yungching.com.tw/house/7311411,,,,,2026-10-06T17:18:55.081655+00:00,excluded_conversion,https://buy.yungching.com.tw/list/%E6%96%B0%E7%AB%B9%E7%B8%A3-%E7%AB%B9%E5%8C%97%E5%B8%82_c/1000-2000_price/2-2_rmp,unverified,unverified,,
7497607,佳陞大河戀,大河戀溫馨裝潢美2房,竹北市,新竹縣竹北市興隆路一段,1898.0,44.83,14.0,2.0,坡道平面,8/15樓,永慶公開HTML,https://buy.yungching.com.tw/house/7497607,,,,,2026-10-06T17:18:55.081655+00:00,advertised_2_rooms,https://buy.yungching.com.tw/list/%E6%96%B0%E7%AB%B9%E7%B8%A3-%E7%AB%B9%E5%8C%97%E5%B8%82_c/1000-2000_price/2-2_rmp,unverified,unverified,,
7447384,國賓大悅,縣三國賓大悅｜中樓層學區裝潢兩房兩廳平車,竹北市,新竹縣竹北市勝利八街一段,1988.0,33.6,10.3,2.0,坡道平面,10/27樓,永慶公開HTML,https://buy.yungching.com.tw/house/7447384,,,,,2026-10-06T17:18:55.081655+00:00,advertised_2_rooms,https://buy.yungching.com.tw/list/%E6%96%B0%E7%AB%B9%E7%B8%A3-%E7%AB%B9%E5%8C%97%E5%B8%82_c/1000-2000_price/2-2_rmp,unverified,unverified,,
7466543,晴川悅河,富宇【晴川悅河】華興採光兩房平車,竹北市,新竹縣竹北市光明十一路,1880.0,39.86,10.8,2.0,坡道平面,2/14樓,永慶公開HTML,https://buy.yungching.com.tw/house/7466543,,,,,2026-10-06T17:18:55.081655+00:00,advertised_2_rooms,https://buy.yungching.com.tw/list/%E6%96%B0%E7%AB%B9%E7%B8%A3-%E7%AB%B9%E5%8C%97%E5%B8%82_c/1000-2000_price/2-2_rmp,unverified,unverified,,
7346711,興富發水公園,專任成功學區【水公園】面公園2房高樓平車,竹北市,新竹縣竹北市興隆路一段,1768.0,33.77,8.0,2.0,坡道平面,9/15樓,永慶公開HTML,https://buy.yungching.com.tw/house/7346711,,,,,2026-10-06T17:18:55.081655+00:00,advertised_2_rooms,https://buy.yungching.com.tw/list/%E6%96%B0%E7%AB%B9%E7%B8%A3-%E7%AB%B9%E5%8C%97%E5%B8%82_c/1000-2000_price/2-2_rmp,unverified,unverified,,
7544711,金色大地,金色大地｜明亮溫馨美廈附平車《三民商圈仁愛國中》,竹北市,新竹縣竹北市三民路,1080.0,42.86,32.5,2.0,昇降平面,6/7樓,永慶公開HTML,https://buy.yungching.com.tw/house/7544711,,,,,2026-10-06T17:18:55.081655+00:00,excluded_conversion,https://buy.yungching.com.tw/list/%E6%96%B0%E7%AB%B9%E7%B8%A3-%E7%AB%B9%E5%8C%97%E5%B8%82_c/1000-2000_price/2-2_rmp,unverified,unverified,,
7527524,青禾,｜青禾｜遠百高鐵商圈視野採光啵棒兩房平車,竹北市,新竹縣竹北市嘉興路,1898.0,41.41,12.7,2.0,坡道平面,9/12樓,永慶公開HTML,https://buy.yungching.com.tw/house/7527524,,,,,2026-10-06T17:18:55.081655+00:00,advertised_2_rooms,https://buy.yungching.com.tw/list/%E6%96%B0%E7%AB%B9%E7%B8%A3-%E7%AB%B9%E5%8C%97%E5%B8%82_c/1000-2000_price/2-2_rmp,unverified,unverified,,
7483858,綠光森林NO28采采/紅樹采采,竹北華興采采福地美兩房平車,竹北市,新竹縣竹北市中正西路,1488.0,27.23,5.6,2.0,,2/7樓,永慶公開HTML,https://buy.yungching.com.tw/house/7483858,,,,,2026-10-06T17:18:55.081655+00:00,advertised_2_rooms,https://buy.yungching.com.tw/list/%E6%96%B0%E7%AB%B9%E7%B8%A3-%E7%AB%B9%E5%8C%97%E5%B8%82_c/1000-2000_price/2-2_rmp,unverified,unverified,,
7528709,晴川悅河,專任富宇晴川悅河高樓輕裝潢兩房平車,竹北市,新竹縣竹北市光明十一路,1886.0,41.14,10.8,2.0,,11/14樓,永慶公開HTML,https://buy.yungching.com.tw/house/7528709,,,,,2026-10-06T17:18:55.081655+00:00,advertised_2_rooms,https://buy.yungching.com.tw/list/%E6%96%B0%E7%AB%B9%E7%B8%A3-%E7%AB%B9%E5%8C%97%E5%B8%82_c/1000-2000_price/2-2_rmp,unverified,unverified,,
7480230,益欣森陽JOY-Q,AI園區｜台元｜勝利國中｜遠百商圈兩房平車,竹北市,新竹縣竹北市新瀧三街,1888.0,33.72,4.0,2.0,,4/13樓,永慶公開HTML,https://buy.yungching.com.tw/house/7480230,,,,,2026-10-06T17:18:55.081655+00:00,advertised_2_rooms,https://buy.yungching.com.tw/list/%E6%96%B0%E7%AB%B9%E7%B8%A3-%E7%AB%B9%E5%8C%97%E5%B8%82_c/1000-2000_price/2-2_rmp,unverified,unverified,,
7541940,興築興希望,專任|興希望|優質美裝潢兩房平車,竹北市,新竹縣竹北市北新一街,1698.0,34.02,7.5,2.0,坡道平面,6/24樓,永慶公開HTML,https://buy.yungching.com.tw/house/7541940,,,,,2026-10-06T17:18:55.081655+00:00,advertised_2_rooms,https://buy.yungching.com.tw/list/%E6%96%B0%E7%AB%B9%E7%B8%A3-%E7%AB%B9%E5%8C%97%E5%B8%82_c/1000-2000_price/2-2_rmp,unverified,unverified,,
7478172,總圓上城,AI台元的最愛 |大兩房景觀戶|直接拎包入住,竹北市,新竹縣竹北市新瀧一街,1798.0,40.16,10.8,2.0,坡道平面,21/24樓,永慶公開HTML,https://buy.yungching.com.tw/house/7478172,,,,,2026-10-06T17:18:55.081655+00:00,advertised_2_rooms,https://buy.yungching.com.tw/list/%E6%96%B0%E7%AB%B9%E7%B8%A3-%E7%AB%B9%E5%8C%97%E5%B8%82_c/1000-2000_price/2-2_rmp,unverified,unverified,,
7451056,縣寶大樓,竹北縣政區縣寶大樓兩戶打通開放式大空間,竹北市,新竹縣竹北市光明五街,1688.0,56.19,32.3,2.0,,8/8樓,永慶公開HTML,https://buy.yungching.com.tw/house/7451056,,,,,2026-10-06T17:18:55.081655+00:00,advertised_2_rooms,https://buy.yungching.com.tw/list/%E6%96%B0%E7%AB%B9%E7%B8%A3-%E7%AB%B9%E5%8C%97%E5%B8%82_c/1000-2000_price/2-2_rmp,unverified,unverified,,
7475276,四季繪,竹北遠百核心｜四季繪稀有2房2衛｜勝利明星學區,竹北市,新竹縣竹北市新瀧一街,1598.0,32.76,5.6,2.0,坡道機械,3/14樓,永慶公開HTML,https://buy.yungching.com.tw/house/7475276,,,,,2026-10-06T17:18:55.081655+00:00,advertised_2_rooms,https://buy.yungching.com.tw/list/%E6%96%B0%E7%AB%B9%E7%B8%A3-%E7%AB%B9%E5%8C%97%E5%B8%82_c/1000-2000_price/2-2_rmp,unverified,unverified,,
7513021,精工禪,精工禪｜AI園區｜2+1房2衛＋平車,竹北市,新竹縣竹北市嘉勤北路,1738.0,40.34,20.4,2.0,坡道平面,8/12樓,永慶公開HTML,https://buy.yungching.com.tw/house/7513021,,,,,2026-10-06T17:18:55.081655+00:00,excluded_conversion,https://buy.yungching.com.tw/list/%E6%96%B0%E7%AB%B9%E7%B8%A3-%E7%AB%B9%E5%8C%97%E5%B8%82_c/1000-2000_price/2-2_rmp,unverified,unverified,,
6519514,興富發水公園,稀有釋出【水公園】朝南公園景兩房配平車,竹北市,新竹縣竹北市興隆路一段,1768.0,34.78,8.0,2.0,坡道平面,9/15樓,永慶公開HTML,https://buy.yungching.com.tw/house/6519514,,,,,2026-10-06T17:18:55.081655+00:00,advertised_2_rooms,https://buy.yungching.com.tw/list/%E6%96%B0%E7%AB%B9%E7%B8%A3-%E7%AB%B9%E5%8C%97%E5%B8%82_c/1000-2000_price/2-2_rmp,unverified,unverified,,
7451267,益欣森陽JOY-Q,竹北勝利國中學區近台元Joy-Q兩房平車,竹北市,新竹縣竹北市新瀧三街,1888.0,33.72,4.0,2.0,坡道平面,4/13樓,永慶公開HTML,https://buy.yungching.com.tw/house/7451267,,,,,2026-10-06T17:18:55.081655+00:00,advertised_2_rooms,https://buy.yungching.com.tw/list/%E6%96%B0%E7%AB%B9%E7%B8%A3-%E7%AB%B9%E5%8C%97%E5%B8%82_c/1000-2000_price/2-2_rmp,unverified,unverified,,
7438931,青禾,高鐵特區｜明星學區｜通透明亮大2房｜柱邊好車位,竹北市,新竹縣竹北市嘉興路,1998.0,40.57,12.7,2.0,坡道平面,7/12樓,永慶公開HTML,https://buy.yungching.com.tw/house/7438931,,,,,2026-10-06T17:18:55.081655+00:00,advertised_2_rooms,https://buy.yungching.com.tw/list/%E6%96%B0%E7%AB%B9%E7%B8%A3-%E7%AB%B9%E5%8C%97%E5%B8%82_c/1000-2000_price/2-2_rmp,unverified,unverified,,
7419816,公園1號,縣三核心公園1號高景觀兩房車.遠百商圈.勝利學區,竹北市,新竹縣竹北市十興路一段,1680.0,31.71,8.3,2.0,,13/14樓,永慶公開HTML,https://buy.yungching.com.tw/house/7419816,,,,,2026-10-06T17:18:55.081655+00:00,advertised_2_rooms,https://buy.yungching.com.tw/list/%E6%96%B0%E7%AB%B9%E7%B8%A3-%E7%AB%B9%E5%8C%97%E5%B8%82_c/1000-2000_price/2-2_rmp,unverified,unverified,,
7180017,公園1號,AI園區｜勝利國中｜遠百商圈｜公園一號兩房視野戶,竹北市,新竹縣竹北市十興路一段,1688.0,33.43,8.3,2.0,坡道平面,15/15樓,永慶公開HTML,https://buy.yungching.com.tw/house/7180017,,,,,2026-10-06T17:18:55.081655+00:00,advertised_2_rooms,https://buy.yungching.com.tw/list/%E6%96%B0%E7%AB%B9%E7%B8%A3-%E7%AB%B9%E5%8C%97%E5%B8%82_c/1000-2000_price/2-2_rmp,unverified,unverified,,
7506693,中正國小大面寬朝南住店,中正國小大面寬朝南住店,竹北市,新竹縣竹北市文采街,1980.0,42.26,21.6,1.0,,1/5樓,永慶公開HTML,https://buy.yungching.com.tw/house/7506693,,,,,2026-10-06T17:18:55.081655+00:00,advertised_2_rooms,https://buy.yungching.com.tw/list/%E6%96%B0%E7%AB%B9%E7%B8%A3-%E7%AB%B9%E5%8C%97%E5%B8%82_c/1000-2000_price/2-2_rmp,unverified,unverified,,
7489328,站前威力,【站前威力】邊間方正衛浴開窗大兩房+B1平車,竹北市,新竹縣竹北市台元街,1498.0,37.9,18.3,2.0,坡道平面,4/14樓,永慶公開HTML,https://buy.yungching.com.tw/house/7489328,,,,,2026-10-06T17:18:55.081655+00:00,advertised_2_rooms,https://buy.yungching.com.tw/list/%E6%96%B0%E7%AB%B9%E7%B8%A3-%E7%AB%B9%E5%8C%97%E5%B8%82_c/1000-2000_price/2-2_rmp,unverified,unverified,,
7250242,臻研臻美,竹東臻研臻美景觀時尚大兩房附平面車位,竹東鎮,新竹縣竹東鎮和江街,1398.0,41.39,10.8,2.0,坡道平面,7/14樓,永慶公開HTML,https://buy.yungching.com.tw/house/7250242,,,,,2026-10-06T17:18:55.081655+00:00,advertised_2_rooms,https://buy.yungching.com.tw/list/%E6%96%B0%E7%AB%B9%E7%B8%A3-%E7%AB%B9%E6%9D%B1%E9%8E%AE_c/1000-2000_price/2-2_rmp,unverified,unverified,,
7524483,星都滙AB區,星都滙B區璀璨天際高樓景觀珍藏首選,竹東鎮,新竹縣竹東鎮旭光一路,1498.0,34.36,2.3,2.0,坡道平面,14/14樓,永慶公開HTML,https://buy.yungching.com.tw/house/7524483,,,,,2026-10-06T17:18:55.081655+00:00,advertised_2_rooms,https://buy.yungching.com.tw/list/%E6%96%B0%E7%AB%B9%E7%B8%A3-%E7%AB%B9%E6%9D%B1%E9%8E%AE_c/1000-2000_price/2-2_rmp,unverified,unverified,,
7485050,富宇東方大境兩房兩套衛浴高樓平車,富宇東方大境兩房兩套衛浴高樓平車,竹東鎮,新竹縣竹東鎮東寧路一段,1893.0,37.19,,2.0,坡道平面,22/23樓,永慶公開HTML,https://buy.yungching.com.tw/house/7485050,,,,,2026-10-06T17:18:55.081655+00:00,advertised_2_rooms,https://buy.yungching.com.tw/list/%E6%96%B0%E7%AB%B9%E7%B8%A3-%E7%AB%B9%E6%9D%B1%E9%8E%AE_c/1000-2000_price/2-2_rmp,unverified,unverified,,
7369826,星都滙AB區,竹東【星都匯B】高樓層全新2室平車,竹東鎮,新竹縣竹東鎮旭光一路,1666.0,34.36,2.3,2.0,坡道平面,12/14樓,永慶公開HTML,https://buy.yungching.com.tw/house/7369826,,,,,2026-10-06T17:18:55.081655+00:00,advertised_2_rooms,https://buy.yungching.com.tw/list/%E6%96%B0%E7%AB%B9%E7%B8%A3-%E7%AB%B9%E6%9D%B1%E9%8E%AE_c/1000-2000_price/2-2_rmp,unverified,unverified,,
7388104,環球市,北歐風環球市採光通風好值得珍藏,竹東鎮,新竹縣竹東鎮光明路,1868.0,49.3,11.6,2.0,坡道平面,7/14樓,永慶公開HTML,https://buy.yungching.com.tw/house/7388104,,,,,2026-10-06T17:18:55.081655+00:00,advertised_2_rooms,https://buy.yungching.com.tw/list/%E6%96%B0%E7%AB%B9%E7%B8%A3-%E7%AB%B9%E6%9D%B1%E9%8E%AE_c/1000-2000_price/2-2_rmp,unverified,unverified,,
7407047,鑫陞渼山,近高鐵區公道五旁鑫陞渼山田園視野美兩房,竹東鎮,新竹縣竹東鎮公道路,1988.0,34.65,2.7,2.0,坡道平面,4/4樓,永慶公開HTML,https://buy.yungching.com.tw/house/7407047,,,,,2026-10-06T17:18:55.081655+00:00,advertised_2_rooms,https://buy.yungching.com.tw/list/%E6%96%B0%E7%AB%B9%E7%B8%A3-%E7%AB%B9%E6%9D%B1%E9%8E%AE_c/1000-2000_price/2-2_rmp,unverified,unverified,,
7501157,星都匯星都滙D區朝南高樓2房平車位,星都匯星都滙D區朝南高樓2房平車位,竹東鎮,新竹縣竹東鎮旭光一路,1528.0,34.78,0.3,2.0,坡道平面,14/14樓,永慶公開HTML,https://buy.yungching.com.tw/house/7501157,,,,,2026-10-06T17:18:55.081655+00:00,advertised_2_rooms,https://buy.yungching.com.tw/list/%E6%96%B0%E7%AB%B9%E7%B8%A3-%E7%AB%B9%E6%9D%B1%E9%8E%AE_c/1000-2000_price/2-2_rmp,unverified,unverified,,
7365875,至善高第,獨家~專任稀有出售~至善高第景觀大兩房+平車,竹東鎮,新竹縣竹東鎮至善路,1588.0,41.29,1.3,2.0,坡道平面,7/14樓,永慶公開HTML,https://buy.yungching.com.tw/house/7365875,,,,,2026-10-06T17:18:55.081655+00:00,advertised_2_rooms,https://buy.yungching.com.tw/list/%E6%96%B0%E7%AB%B9%E7%B8%A3-%E7%AB%B9%E6%9D%B1%E9%8E%AE_c/1000-2000_price/2-2_rmp,unverified,unverified,,
7509863,星都滙AB區,竹科旁星都匯/星都滙A區兩室平車,竹東鎮,新竹縣竹東鎮旭光一路,1520.0,34.05,3.0,2.0,坡道平面,9/14樓,永慶公開HTML,https://buy.yungching.com.tw/house/7509863,,,,,2026-10-06T17:18:55.081655+00:00,advertised_2_rooms,https://buy.yungching.com.tw/list/%E6%96%B0%E7%AB%B9%E7%B8%A3-%E7%AB%B9%E6%9D%B1%E9%8E%AE_c/1000-2000_price/2-2_rmp,unverified,unverified,,
7489255,星都匯朝南採光成家首購兩房平面車位,星都匯朝南採光成家首購兩房平面車位,竹東鎮,新竹縣竹東鎮旭光一路,1528.0,34.78,0.3,2.0,坡道平面,14/14樓,永慶公開HTML,https://buy.yungching.com.tw/house/7489255,,,,,2026-10-06T17:18:55.081655+00:00,advertised_2_rooms,https://buy.yungching.com.tw/list/%E6%96%B0%E7%AB%B9%E7%B8%A3-%E7%AB%B9%E6%9D%B1%E9%8E%AE_c/1000-2000_price/2-2_rmp,unverified,unverified,,
7508502,二重埔全新星都滙D區【住宅】2房平車~小資最愛,二重埔全新星都滙D區【住宅】2房平車~小資最愛,竹東鎮,新竹縣竹東鎮旭光一路,1528.0,34.78,0.3,2.0,坡道平面,14/14樓,永慶公開HTML,https://buy.yungching.com.tw/house/7508502,,,,,2026-10-06T17:18:55.081655+00:00,advertised_2_rooms,https://buy.yungching.com.tw/list/%E6%96%B0%E7%AB%B9%E7%B8%A3-%E7%AB%B9%E6%9D%B1%E9%8E%AE_c/1000-2000_price/2-2_rmp,unverified,unverified,,
7525224,星都滙 星都匯D區次頂樓採光2房平車,星都滙 星都匯D區次頂樓採光2房平車,竹東鎮,新竹縣竹東鎮旭光一路,1526.0,34.79,0.3,2.0,坡道平面,13/14樓,永慶公開HTML,https://buy.yungching.com.tw/house/7525224,,,,,2026-10-06T17:18:55.081655+00:00,advertised_2_rooms,https://buy.yungching.com.tw/list/%E6%96%B0%E7%AB%B9%E7%B8%A3-%E7%AB%B9%E6%9D%B1%E9%8E%AE_c/1000-2000_price/2-2_rmp,unverified,unverified,,
7440604,恆顧/長春首席,長春首席｜頂樓露臺戶・2+1房景觀美宅,竹東鎮,新竹縣竹東鎮敦睦街,1788.0,39.53,2.5,2.0,坡道平面,7/7樓,永慶公開HTML,https://buy.yungching.com.tw/house/7440604,,,,,2026-10-06T17:18:55.081655+00:00,excluded_conversion,https://buy.yungching.com.tw/list/%E6%96%B0%E7%AB%B9%E7%B8%A3-%E7%AB%B9%E6%9D%B1%E9%8E%AE_c/1000-2000_price/2-2_rmp,unverified,unverified,,
7542290,星都匯D區｜寧靜採光美裝兩房平車｜近竹科交通便利,星都匯D區｜寧靜採光美裝兩房平車｜近竹科交通便利,竹東鎮,新竹縣竹東鎮旭光一路,1450.0,34.74,0.3,2.0,坡道平面,3/14樓,永慶公開HTML,https://buy.yungching.com.tw/house/7542290,,,,,2026-10-06T17:18:55.081655+00:00,advertised_2_rooms,https://buy.yungching.com.tw/list/%E6%96%B0%E7%AB%B9%E7%B8%A3-%E7%AB%B9%E6%9D%B1%E9%8E%AE_c/1000-2000_price/2-2_rmp,unverified,unverified,,
7295073,臻研臻心,臻研臻心頂樓優質視野大二房車位稀有釋出,竹東鎮,新竹縣竹東鎮東峰路,1058.0,31.82,1.4,2.0,坡道機械,11/11樓,永慶公開HTML,https://buy.yungching.com.tw/house/7295073,,,,,2026-10-06T17:18:55.081655+00:00,advertised_2_rooms,https://buy.yungching.com.tw/list/%E6%96%B0%E7%AB%B9%E7%B8%A3-%E7%AB%B9%E6%9D%B1%E9%8E%AE_c/1000-2000_price/2-2_rmp,unverified,unverified,,
7533364,星都滙住宅區高樓層景觀2房+B1雙平車位,星都滙住宅區高樓層景觀2房+B1雙平車位,竹東鎮,新竹縣竹東鎮旭光一路,1798.0,46.93,0.3,2.0,坡道平面,13/14樓,永慶公開HTML,https://buy.yungching.com.tw/house/7533364,,,,,2026-10-06T17:18:55.081655+00:00,advertised_2_rooms,https://buy.yungching.com.tw/list/%E6%96%B0%E7%AB%B9%E7%B8%A3-%E7%AB%B9%E6%9D%B1%E9%8E%AE_c/1000-2000_price/2-2_rmp,unverified,unverified,,
7533453,二重埔星都滙D區 高樓景觀2房B1平車位,二重埔星都滙D區 高樓景觀2房B1平車位,竹東鎮,新竹縣竹東鎮旭光一路,1550.0,35.28,0.3,2.0,坡道平面,12/14樓,永慶公開HTML,https://buy.yungching.com.tw/house/7533453,,,,,2026-10-06T17:18:55.081655+00:00,advertised_2_rooms,https://buy.yungching.com.tw/list/%E6%96%B0%E7%AB%B9%E7%B8%A3-%E7%AB%B9%E6%9D%B1%E9%8E%AE_c/1000-2000_price/2-2_rmp,unverified,unverified,,
7512742,登記住宅！【星都匯】朝南高樓採光二房+B1平車,登記住宅！【星都匯】朝南高樓採光二房+B1平車,竹東鎮,新竹縣竹東鎮旭光一路,1550.0,35.28,0.3,2.0,坡道平面,12/14樓,永慶公開HTML,https://buy.yungching.com.tw/house/7512742,,,,,2026-10-06T17:18:55.081655+00:00,advertised_2_rooms,https://buy.yungching.com.tw/list/%E6%96%B0%E7%AB%B9%E7%B8%A3-%E7%AB%B9%E6%9D%B1%E9%8E%AE_c/1000-2000_price/2-2_rmp,unverified,unverified,,
7291565,星都滙AB區,近園區【星都匯】B區面外高樓層二室平面車位,竹東鎮,新竹縣竹東鎮旭光一路,1666.0,34.36,2.3,2.0,坡道平面,12/14樓,永慶公開HTML,https://buy.yungching.com.tw/house/7291565,,,,,2026-10-06T17:18:55.081655+00:00,advertised_2_rooms,https://buy.yungching.com.tw/list/%E6%96%B0%E7%AB%B9%E7%B8%A3-%E7%AB%B9%E6%9D%B1%E9%8E%AE_c/1000-2000_price/2-2_rmp,unverified,unverified,,
7273020,星都滙AB區,星都匯Ｂ區｜全新視野兩室附平車《外棟永久美景！》,竹東鎮,新竹縣竹東鎮旭光一路,1666.0,34.36,2.3,2.0,坡道平面,12/14樓,永慶公開HTML,https://buy.yungching.com.tw/house/7273020,,,,,2026-10-06T17:18:55.081655+00:00,advertised_2_rooms,https://buy.yungching.com.tw/list/%E6%96%B0%E7%AB%B9%E7%B8%A3-%E7%AB%B9%E6%9D%B1%E9%8E%AE_c/1000-2000_price/2-2_rmp,unverified,unverified,,
5954288,長春帝國,出價談-長春帝國景觀極美裝潢三改二房+車位,竹東鎮,新竹縣竹東鎮長春路三段,1199.0,38.74,31.8,2.0,坡道機械,12/12樓,永慶公開HTML,https://buy.yungching.com.tw/house/5954288,,,,,2026-10-06T17:18:55.081655+00:00,excluded_conversion,https://buy.yungching.com.tw/list/%E6%96%B0%E7%AB%B9%E7%B8%A3-%E7%AB%B9%E6%9D%B1%E9%8E%AE_c/1000-2000_price/2-2_rmp,unverified,unverified,,
7434084,遠雄新時代,遠雄新時代｜飯店風庭園露台戶｜2房雙平車,竹東鎮,新竹縣竹東鎮龍鳳路,1868.0,46.26,5.6,2.0,坡道平面,2/15樓,永慶公開HTML,https://buy.yungching.com.tw/house/7434084,,,,,2026-10-06T17:18:55.081655+00:00,advertised_2_rooms,https://buy.yungching.com.tw/list/%E6%96%B0%E7%AB%B9%E7%B8%A3-%E7%AB%B9%E6%9D%B1%E9%8E%AE_c/1000-2000_price/2-2_rmp,unverified,unverified,,
7299012,臻研臻心,臻研臻心朝南優質視野大二房車位稀有釋出,竹東鎮,新竹縣竹東鎮東峰路,1088.0,31.82,1.4,2.0,坡道機械,7/11樓,永慶公開HTML,https://buy.yungching.com.tw/house/7299012,,,,,2026-10-06T17:18:55.081655+00:00,advertised_2_rooms,https://buy.yungching.com.tw/list/%E6%96%B0%E7%AB%B9%E7%B8%A3-%E7%AB%B9%E6%9D%B1%E9%8E%AE_c/1000-2000_price/2-2_rmp,unverified,unverified,,
7307446,星都滙AB區,【工研‧竹科｜星都匯B區｜外棟視野戶】2室+平車,竹東鎮,新竹縣竹東鎮旭光一路,1666.0,34.36,3.0,2.0,坡道平面,12/14樓,永慶公開HTML,https://buy.yungching.com.tw/house/7307446,,,,,2026-10-06T17:18:55.081655+00:00,advertised_2_rooms,https://buy.yungching.com.tw/list/%E6%96%B0%E7%AB%B9%E7%B8%A3-%E7%AB%B9%E6%9D%B1%E9%8E%AE_c/1000-2000_price/2-2_rmp,unverified,unverified,,
7295938,星都滙AB區,【星都匯】視野遼闊全新完工2室 平面車位,竹東鎮,新竹縣竹東鎮旭光一路,1666.0,34.36,2.3,2.0,坡道平面,12/14樓,永慶公開HTML,https://buy.yungching.com.tw/house/7295938,,,,,2026-10-06T17:18:55.081655+00:00,advertised_2_rooms,https://buy.yungching.com.tw/list/%E6%96%B0%E7%AB%B9%E7%B8%A3-%E7%AB%B9%E6%9D%B1%E9%8E%AE_c/1000-2000_price/2-2_rmp,unverified,unverified,,
7222665,和發善藝,專任【和發善藝】至善重劃區全新二房平車,竹東鎮,新竹縣竹東鎮至善路,1060.0,33.49,1.0,2.0,,2/14樓,永慶公開HTML,https://buy.yungching.com.tw/house/7222665,,,,,2026-10-06T17:18:55.081655+00:00,advertised_2_rooms,https://buy.yungching.com.tw/list/%E6%96%B0%E7%AB%B9%E7%B8%A3-%E7%AB%B9%E6%9D%B1%E9%8E%AE_c/1000-2000_price/2-2_rmp,unverified,unverified,,
6871361,星都滙C區,星都滙C區2室挑高一樓綠景戶B1超大車位/星都匯,竹東鎮,新竹縣竹東鎮旭光一路,1388.0,36.15,1.8,2.0,,1/14樓,永慶公開HTML,https://buy.yungching.com.tw/house/6871361,,,,,2026-10-06T17:18:55.081655+00:00,advertised_2_rooms,https://buy.yungching.com.tw/list/%E6%96%B0%E7%AB%B9%E7%B8%A3-%E7%AB%B9%E6%9D%B1%E9%8E%AE_c/1000-2000_price/2-2_rmp,unverified,unverified,,
7139285,遠雄新時代,獨家/台泥重劃區/遠雄新時代/視野美兩房/大平車,竹東鎮,新竹縣竹東鎮龍鳳路,1588.0,37.63,5.6,2.0,坡道平面,13/15樓,永慶公開HTML,https://buy.yungching.com.tw/house/7139285,,,,,2026-10-06T17:18:55.081655+00:00,advertised_2_rooms,https://buy.yungching.com.tw/list/%E6%96%B0%E7%AB%B9%E7%B8%A3-%E7%AB%B9%E6%9D%B1%E9%8E%AE_c/1000-2000_price/2-2_rmp,unverified,unverified,,
7073513,星都滙C區,星都匯C區高樓層二室平車,竹東鎮,新竹縣竹東鎮旭光一路,1498.0,35.34,1.8,2.0,坡道平面,11/14樓,永慶公開HTML,https://buy.yungching.com.tw/house/7073513,,,,,2026-10-06T17:18:55.081655+00:00,advertised_2_rooms,https://buy.yungching.com.tw/list/%E6%96%B0%E7%AB%B9%E7%B8%A3-%E7%AB%B9%E6%9D%B1%E9%8E%AE_c/1000-2000_price/2-2_rmp,unverified,unverified,,
7548821,星都滙D區/稀有次頂樓二房+雙車位,星都滙D區/稀有次頂樓二房+雙車位,竹東鎮,新竹縣竹東鎮旭光一路,1798.0,46.93,0.3,2.0,坡道平面,13/14樓,永慶公開HTML,https://buy.yungching.com.tw/house/7548821,,,,,2026-10-06T17:18:55.081655+00:00,advertised_2_rooms,https://buy.yungching.com.tw/list/%E6%96%B0%E7%AB%B9%E7%B8%A3-%E7%AB%B9%E6%9D%B1%E9%8E%AE_c/1000-2000_price/2-2_rmp,unverified,unverified,,
7441921,寶山曼尼3,首購最愛寶山曼尼3精美兩房車位,寶山鄉,新竹縣寶山鄉北坑路,1368.0,25.59,1.5,2.0,坡道機械,3/6樓,永慶公開HTML,https://buy.yungching.com.tw/house/7441921,,,,,2026-10-06T17:18:55.081655+00:00,advertised_2_rooms,https://buy.yungching.com.tw/list/%E6%96%B0%E7%AB%B9%E7%B8%A3-%E5%AF%B6%E5%B1%B1%E9%84%89_c/1000-2000_price/2-2_rmp,unverified,unverified,,
7232267,宏道新竹帝寶,超便宜宏道帝寶獨美式花園宅二房平車,寶山鄉,新竹縣寶山鄉環城西路一段,1680.0,33.84,,2.0,,4/7樓,永慶公開HTML,https://buy.yungching.com.tw/house/7232267,,,,,2026-10-06T17:18:55.081655+00:00,advertised_2_rooms,https://buy.yungching.com.tw/list/%E6%96%B0%E7%AB%B9%E7%B8%A3-%E5%AF%B6%E5%B1%B1%E9%84%89_c/1000-2000_price/2-2_rmp,unverified,unverified,,
7302738,富宇居易NO2/原森活NO2,富宇原森活大2房+平車近園區清華交大康橋,寶山鄉,新竹縣寶山鄉雙豐二街,1698.0,43.49,10.3,2.0,坡道平面,1/7樓,永慶公開HTML,https://buy.yungching.com.tw/house/7302738,,,,,2026-10-06T17:18:55.081655+00:00,advertised_2_rooms,https://buy.yungching.com.tw/list/%E6%96%B0%E7%AB%B9%E7%B8%A3-%E5%AF%B6%E5%B1%B1%E9%84%89_c/1000-2000_price/2-2_rmp,unverified,unverified,,
7279284,宏道新竹帝寶,近平轉新竹帝寶8-1區稀有2房露台平車,寶山鄉,新竹縣寶山鄉雙林路,1588.0,33.99,,2.0,坡道平面,2/7樓,永慶公開HTML,https://buy.yungching.com.tw/house/7279284,,,,,2026-10-06T17:18:55.081655+00:00,advertised_2_rooms,https://buy.yungching.com.tw/list/%E6%96%B0%E7%AB%B9%E7%B8%A3-%E5%AF%B6%E5%B1%B1%E9%84%89_c/1000-2000_price/2-2_rmp,unverified,unverified,,
7275840,宏道新竹帝寶,新竹帝寶外棟面透天8-2區3改2房+平車,寶山鄉,新竹縣寶山鄉雙林路,1888.0,43.89,,2.0,坡道平面,4/7樓,永慶公開HTML,https://buy.yungching.com.tw/house/7275840,,,,,2026-10-06T17:18:55.081655+00:00,excluded_conversion,https://buy.yungching.com.tw/list/%E6%96%B0%E7%AB%B9%E7%B8%A3-%E5%AF%B6%E5%B1%B1%E9%84%89_c/1000-2000_price/2-2_rmp,unverified,unverified,,
7098275,吉韻,近台積電/寶新商圈【吉韻】全新成屋+庭院/平車,寶山鄉,新竹縣寶山鄉寶新路一段,1598.0,35.8,1.4,2.0,坡道平面,1/7樓,永慶公開HTML,https://buy.yungching.com.tw/house/7098275,,,,,2026-10-06T17:18:55.081655+00:00,advertised_2_rooms,https://buy.yungching.com.tw/list/%E6%96%B0%E7%AB%B9%E7%B8%A3-%E5%AF%B6%E5%B1%B1%E9%84%89_c/1000-2000_price/2-2_rmp,unverified,unverified,,
7160429,宏道新竹帝寶,竹科新竹帝寶8-2區 三改二房(可改回),寶山鄉,新竹縣寶山鄉雙林路,1888.0,43.89,,2.0,坡道平面,4/7樓,永慶公開HTML,https://buy.yungching.com.tw/house/7160429,,,,,2026-10-06T17:18:55.081655+00:00,excluded_conversion,https://buy.yungching.com.tw/list/%E6%96%B0%E7%AB%B9%E7%B8%A3-%E5%AF%B6%E5%B1%B1%E9%84%89_c/1000-2000_price/2-2_rmp,unverified,unverified,,
7486661,真想賣【宏道帝寶8-2區】三改二好改回B1平車位,真想賣【宏道帝寶8-2區】三改二好改回B1平車位,寶山鄉,新竹縣寶山鄉雙林路,1886.0,43.89,,2.0,,4/7樓,永慶公開HTML,https://buy.yungching.com.tw/house/7486661,,,,,2026-10-06T17:18:55.081655+00:00,excluded_conversion,https://buy.yungching.com.tw/list/%E6%96%B0%E7%AB%B9%E7%B8%A3-%E5%AF%B6%E5%B1%B1%E9%84%89_c/1000-2000_price/2-2_rmp,unverified,unverified,,
7443998,近台積電【豐韻】2+1房平車,近台積電【豐韻】2+1房平車,寶山鄉,新竹縣寶山鄉明湖路,1598.0,38.1,0.9,2.0,坡道平面,4/7樓,永慶公開HTML,https://buy.yungching.com.tw/house/7443998,,,,,2026-10-06T17:18:55.081655+00:00,excluded_conversion,https://buy.yungching.com.tw/list/%E6%96%B0%E7%AB%B9%E7%B8%A3-%E5%AF%B6%E5%B1%B1%E9%84%89_c/1000-2000_price/2-2_rmp,unverified,unverified,,
7298891,豐韻,豐韻全新2+1改1+1房附平車,寶山鄉,新竹縣寶山鄉明湖路,1490.0,38.08,0.9,2.0,坡道平面,2/7樓,永慶公開HTML,https://buy.yungching.com.tw/house/7298891,,,,,2026-10-06T17:18:55.081655+00:00,excluded_conversion,https://buy.yungching.com.tw/list/%E6%96%B0%E7%AB%B9%E7%B8%A3-%E5%AF%B6%E5%B1%B1%E9%84%89_c/1000-2000_price/2-2_rmp,unverified,unverified,,
7507445,低總價｜近台積【豐韻】2+1房平車,低總價｜近台積【豐韻】2+1房平車,寶山鄉,新竹縣寶山鄉明湖路,1498.0,36.91,0.9,2.0,坡道平面,2/7樓,永慶公開HTML,https://buy.yungching.com.tw/house/7507445,,,,,2026-10-06T17:18:55.081655+00:00,excluded_conversion,https://buy.yungching.com.tw/list/%E6%96%B0%E7%AB%B9%E7%B8%A3-%E5%AF%B6%E5%B1%B1%E9%84%89_c/1000-2000_price/2-2_rmp,unverified,unverified,,
7323296,寶山曼尼3,寶山全新大露台2房,寶山鄉,新竹縣寶山鄉北坑路,1680.0,30.72,1.5,2.0,坡道機械,1/6樓,永慶公開HTML,https://buy.yungching.com.tw/house/7323296,,,,,2026-10-06T17:18:55.081655+00:00,advertised_2_rooms,https://buy.yungching.com.tw/list/%E6%96%B0%E7%AB%B9%E7%B8%A3-%E5%AF%B6%E5%B1%B1%E9%84%89_c/1000-2000_price/2-2_rmp,unverified,unverified,,
7218638,綠光森林No.29-馥御文昌,芎林馥御文昌2+1房兩衛B5,芎林鄉,新竹縣芎林鄉文昌街,1080.0,23.13,2.8,2.0,,5/10樓,永慶公開HTML,https://buy.yungching.com.tw/house/7218638,,,,,2026-10-06T17:18:55.081655+00:00,excluded_conversion,https://buy.yungching.com.tw/list/%E6%96%B0%E7%AB%B9%E7%B8%A3-%E8%8A%8E%E6%9E%97%E9%84%89_c/1000-2000_price/2-2_rmp,unverified,unverified,,
7101597,綠光森林No.29-馥御文昌,芎林•社區型現代宅•老街靜巷採光兩房 8C,芎林鄉,新竹縣芎林鄉文昌街,1000.0,20.04,2.8,2.0,,8/10樓,永慶公開HTML,https://buy.yungching.com.tw/house/7101597,,,,,2026-10-06T17:18:55.081655+00:00,advertised_2_rooms,https://buy.yungching.com.tw/list/%E6%96%B0%E7%AB%B9%E7%B8%A3-%E8%8A%8E%E6%9E%97%E9%84%89_c/1000-2000_price/2-2_rmp,unverified,unverified,,
7096823,綠光森林No.29-馥御文昌,芎林•社區型現代宅•老街靜巷採光2＋1房 9B,芎林鄉,新竹縣芎林鄉文昌街,1180.0,23.13,2.8,2.0,,9/10樓,永慶公開HTML,https://buy.yungching.com.tw/house/7096823,,,,,2026-10-06T17:18:55.081655+00:00,excluded_conversion,https://buy.yungching.com.tw/list/%E6%96%B0%E7%AB%B9%E7%B8%A3-%E8%8A%8E%E6%9E%97%E9%84%89_c/1000-2000_price/2-2_rmp,unverified,unverified,,
7096796,綠光森林No.29-馥御文昌,芎林•社區型現代宅•老街靜巷採光2＋1房 8B,芎林鄉,新竹縣芎林鄉文昌街,1150.0,23.13,2.8,2.0,,8/10樓,永慶公開HTML,https://buy.yungching.com.tw/house/7096796,,,,,2026-10-06T17:18:55.081655+00:00,excluded_conversion,https://buy.yungching.com.tw/list/%E6%96%B0%E7%AB%B9%E7%B8%A3-%E8%8A%8E%E6%9E%97%E9%84%89_c/1000-2000_price/2-2_rmp,unverified,unverified,,
7095288,綠光森林No.29-馥御文昌,芎林•社區型現代宅•老街靜巷採光2＋1房 7B,芎林鄉,新竹縣芎林鄉文昌街,1130.0,23.13,2.8,2.0,,7/10樓,永慶公開HTML,https://buy.yungching.com.tw/house/7095288,,,,,2026-10-06T17:18:55.081655+00:00,excluded_conversion,https://buy.yungching.com.tw/list/%E6%96%B0%E7%AB%B9%E7%B8%A3-%E8%8A%8E%E6%9E%97%E9%84%89_c/1000-2000_price/2-2_rmp,unverified,unverified,,
7373913,植光寓,離塵不離城｜植光寓｜極低公設三改二平車-D3,芎林鄉,新竹縣芎林鄉柯子林,1750.0,31.95,1.3,2.0,,3/7樓,永慶公開HTML,https://buy.yungching.com.tw/house/7373913,,,,,2026-10-06T17:18:55.081655+00:00,excluded_conversion,https://buy.yungching.com.tw/list/%E6%96%B0%E7%AB%B9%E7%B8%A3-%E8%8A%8E%E6%9E%97%E9%84%89_c/1000-2000_price/2-2_rmp,unverified,unverified,,
7336089,竹科主人7,專任-竹科主人7-質感裝潢2房2衛平車,芎林鄉,新竹縣芎林鄉光明路,1758.0,41.72,2.6,2.0,坡道平面,7/8樓,永慶公開HTML,https://buy.yungching.com.tw/house/7336089,,,,,2026-10-06T17:18:55.081655+00:00,advertised_2_rooms,https://buy.yungching.com.tw/list/%E6%96%B0%E7%AB%B9%E7%B8%A3-%E8%8A%8E%E6%9E%97%E9%84%89_c/1000-2000_price/2-2_rmp,unverified,unverified,,
7455616,竹科主人7,專任-竹科主人視野大兩房,芎林鄉,新竹縣芎林鄉光明路,1750.0,41.72,2.6,2.0,,8/8樓,永慶公開HTML,https://buy.yungching.com.tw/house/7455616,,,,,2026-10-06T17:18:55.081655+00:00,advertised_2_rooms,https://buy.yungching.com.tw/list/%E6%96%B0%E7%AB%B9%E7%B8%A3-%E8%8A%8E%E6%9E%97%E9%84%89_c/1000-2000_price/2-2_rmp,unverified,unverified,,
7101604,綠光森林No.29-馥御文昌,芎林•社區型現代宅•老街靜巷採光兩房 9Ｃ,芎林鄉,新竹縣芎林鄉文昌街,1020.0,20.04,2.8,2.0,,9/10樓,永慶公開HTML,https://buy.yungching.com.tw/house/7101604,,,,,2026-10-06T17:18:55.081655+00:00,advertised_2_rooms,https://buy.yungching.com.tw/list/%E6%96%B0%E7%AB%B9%E7%B8%A3-%E8%8A%8E%E6%9E%97%E9%84%89_c/1000-2000_price/2-2_rmp,unverified,unverified,,
7096819,綠光森林No.29-馥御文昌,芎林•社區型現代宅•老街靜巷採光2＋1房  9A,芎林鄉,新竹縣芎林鄉文昌街,1220.0,23.96,2.8,2.0,,9/10樓,永慶公開HTML,https://buy.yungching.com.tw/house/7096819,,,,,2026-10-06T17:18:55.081655+00:00,excluded_conversion,https://buy.yungching.com.tw/list/%E6%96%B0%E7%AB%B9%E7%B8%A3-%E8%8A%8E%E6%9E%97%E9%84%89_c/1000-2000_price/2-2_rmp,unverified,unverified,,
7529695,美山河,專任-芎林美山河大2房+平面車位,芎林鄉,新竹縣芎林鄉文富街,1788.0,31.36,8.3,2.0,,2/13樓,永慶公開HTML,https://buy.yungching.com.tw/house/7529695,,,,,2026-10-06T17:18:55.081655+00:00,advertised_2_rooms,https://buy.yungching.com.tw/list/%E6%96%B0%E7%AB%B9%E7%B8%A3-%E8%8A%8E%E6%9E%97%E9%84%89_c/1000-2000_price/2-2_rmp,unverified,unverified,,
7482321,芎林創業成家首選 文山路住店,芎林創業成家首選 文山路住店,芎林鄉,新竹縣芎林鄉文山路,1320.0,22.84,58.3,2.0,,1/1樓,永慶公開HTML,https://buy.yungching.com.tw/house/7482321,,,,,2026-10-06T17:18:55.081655+00:00,advertised_2_rooms,https://buy.yungching.com.tw/list/%E6%96%B0%E7%AB%B9%E7%B8%A3-%E8%8A%8E%E6%9E%97%E9%84%89_c/1000-2000_price/2-2_rmp,unverified,unverified,,
6962470,綠光森林No.29-馥御文昌,芎林馥御文昌2+1房兩衛A6,芎林鄉,新竹縣芎林鄉文昌街,1150.0,23.96,2.8,2.0,,6/10樓,永慶公開HTML,https://buy.yungching.com.tw/house/6962470,,,,,2026-10-06T17:18:55.081655+00:00,excluded_conversion,https://buy.yungching.com.tw/list/%E6%96%B0%E7%AB%B9%E7%B8%A3-%E8%8A%8E%E6%9E%97%E9%84%89_c/1000-2000_price/2-2_rmp,unverified,unverified,,
